

INSERT INTO users (user_id, username, password)  VALUES(1, 'sysadmin', 'sysadmin');
INSERT INTO users (user_id, username, password)  VALUES(2, 'nhquser', 'nhquser');
INSERT INTO users (user_id, username, password)  VALUES(3, 'nhqadmin', 'nhqadmin');
INSERT INTO users (user_id, username, password)  VALUES(4, 'manilachapteruser', 'manilachapteruser');
INSERT INTO users (user_id, username, password)  VALUES(5, 'manilachaptercsr', 'manilachaptercsr');
INSERT INTO users (user_id, username, password)  VALUES(6, 'manilachapteradmin', 'manilachapteradmin');

INSERT INTO roles (role_id, role_description, role_name)  VALUES(1, 'System Administrator', 'SYSADMIN');
INSERT INTO roles (role_id, role_description, role_name)  VALUES(2, 'Chapter Administrator', 'ADMIN');
INSERT INTO roles (role_id, role_description, role_name)  VALUES(3, 'Chapter CSR', 'CSR');
INSERT INTO roles (role_id, role_description, role_name)  VALUES(4, 'Chapter Membership Processor', 'PROCESSOR');

INSERT INTO user_roles (user_id, role_id)  VALUES(1, 1);
INSERT INTO user_roles (user_id, role_id)  VALUES(2, 4);
INSERT INTO user_roles (user_id, role_id)  VALUES(3, 2);
INSERT INTO user_roles (user_id, role_id)  VALUES(4, 4);
INSERT INTO user_roles (user_id, role_id)  VALUES(5, 3);
INSERT INTO user_roles (user_id, role_id)  VALUES(6, 2);


INSERT INTO officer (officer_id, firstname, middlename, lastname, designation) VALUES (1, 'jojo', 'vibar', 'pagador', 'sysadmin');
INSERT INTO officer (officer_id, firstname, middlename, lastname, designation) VALUES (2, 'nhquser', 'nhquser', 'nhquser', 'nhquser');
INSERT INTO officer (officer_id, firstname, middlename, lastname, designation) VALUES (3, 'nhqadmin', 'nhqadmin', 'nhqadmin', 'nhqadmin');
INSERT INTO officer (officer_id, firstname, middlename, lastname, designation) VALUES (4, 'manilachapteruser', 'manilachapteruser', 'manilachapteruser', 'manilachapteruser');
INSERT INTO officer (officer_id, firstname, middlename, lastname, designation) VALUES (5, 'manilachaptercsr', 'manilachaptercsr', 'manilachaptercsr', 'manilachaptercsr');
INSERT INTO officer (officer_id, firstname, middlename, lastname, designation) VALUES (6, 'manilachapteradmin', 'manilachapteradmin', 'manilachapteradmin', 'manilachapteradmin');

INSERT INTO chapter (chapter_id, chapter_name, chapter_location) VALUES (1, 'NHQ', 'Metro Manila');
INSERT INTO chapter (chapter_id, chapter_name, chapter_location) VALUES (2, 'MANILA CHAPTER', 'Metro Manila');
INSERT INTO chapter (chapter_id, chapter_name, chapter_location) VALUES (3, 'RIZAL CHAPTER', 'Rizal');
INSERT INTO chapter (chapter_id, chapter_name, chapter_location) VALUES (4, 'LEGAZPI CHAPTER', 'Legazpi City');
INSERT INTO chapter (chapter_id, chapter_name, chapter_location) VALUES (5, 'LAGUNA CHAPTER', 'Laguna');

INSERT INTO officer_profile (officer_id, user_id) VALUES (1, 1);
INSERT INTO officer_profile (officer_id, user_id) VALUES (2, 2);
INSERT INTO officer_profile (officer_id, user_id) VALUES (3, 3);
INSERT INTO officer_profile (officer_id, user_id) VALUES (4, 4);
INSERT INTO officer_profile (officer_id, user_id) VALUES (5, 5);
INSERT INTO officer_profile (officer_id, user_id) VALUES (6, 6);
	
INSERT INTO chapter_officers (chapter_id, officer_id) VALUES (1, 1);
INSERT INTO chapter_officers (chapter_id, officer_id) VALUES (1, 2);
INSERT INTO chapter_officers (chapter_id, officer_id) VALUES (1, 3);
INSERT INTO chapter_officers (chapter_id, officer_id) VALUES (2, 4);
INSERT INTO chapter_officers (chapter_id, officer_id) VALUES (2, 5);
INSERT INTO chapter_officers (chapter_id, officer_id) VALUES (2, 6);




